{
  "parent": "minecraft:block/block",
  "loader": "forge:obj",
  "model": "immersiveindustry:models/block/multiblocks/car_kiln_item.obj",
  "flip_v": true,
  "display": {
    "thirdperson_righthand": {
      "translation": [
        0.0,
        -0.125,
        0.0
      ],
      "rotation": [

        -0.37686962,
        -0.06645229,
        0.9098437
      ],
      "scale": [
        0.15625,
        0.15625,
        0.15625
      ],
      "post-rotation": [
        0.0,
        0.0,
        0.0,
        1.0
      ],
      "origin": "corner"
    },
    "thirdperson_lefthand": {
      "translation": [
        0.0,
        -0.125,
        0.0
      ],
      "rotation": [

        -0.37686962,
        -0.06645229,
        0.9098437
      ],
      "scale": [
        0.15625,
        0.15625,
        0.15625
      ],
      "post-rotation": [
        0.0,
        0.0,
        0.0,
        1.0
      ],
      "origin": "corner"
    },
    "firstperson_righthand": {
      "translation": [
        0.0,
        -0.125,
        0.0
      ],
      "rotation": [

        -0.37686962,
        -0.06645229,
        0.9098437
      ],
      "scale": [
        0.15625,
        0.15625,
        0.15625
      ],
      "post-rotation": [
        0.0,
        0.0,
        0.0,
        1.0
      ],
      "origin": "corner"
    },
    "firstperson_lefthand": {
      "translation": [
        0.0,
        -0.125,
        0.0
      ],
      "rotation": [

        -0.37686962,
        -0.06645229,
        0.9098437
      ],
      "scale": [
        0.15625,
        0.15625,
        0.15625
      ],
      "post-rotation": [
        0.0,
        0.0,
        0.0,
        1.0
      ],
      "origin": "corner"
    },
    "head": {
      "translation": [
        0.0,
        -0.125,
        0.0
      ],
      "rotation": [

        -0.37686962,
        -0.06645229,
        0.9098437
      ],
      "scale": [
        0.15625,
        0.15625,
        0.15625
      ],
      "post-rotation": [
        0.0,
        0.0,
        0.0,
        1.0
      ],
      "origin": "corner"
    },
    "gui": {
      "translation": [
        0.1,
        -0.1,
        0.0
      ],
      "rotation": [

        -0.37686962,
        -0.06645229,
        0.9098437
      ],
      "scale": [
        0.16,
        0.16,
        0.16
      ],
      "post-rotation": [
        0.0,
        0.0,
        0.0,
        1.0
      ],
      "origin": "corner"
    },
    "ground": {
      "translation": [
        0.0,
        -0.125,
        0.0
      ],
      "rotation": [

        -0.37686962,
        -0.06645229,
        0.9098437
      ],
      "scale": [
        0.15625,
        0.15625,
        0.15625
      ],
      "post-rotation": [
        0.0,
        0.0,
        0.0,
        1.0
      ],
      "origin": "corner"
    },
    "fixed": {
      "translation": [
        0.0,
        -0.125,
        0.0
      ],
      "rotation": [

        -0.37686962,
        -0.06645229,
        0.9098437
      ],
      "scale": [
        0.15625,
        0.15625,
        0.15625
      ],
      "post-rotation": [
        0.0,
        0.0,
        0.0,
        1.0
      ],
      "origin": "corner"
    }
  }
}