{
  "flip_v": true,
  "loader": "forge:obj",
  "model": "immersiveindustry:models/block/multiblocks/steam_turbine.obj",
  "display": {
    "firstperson_lefthand": {
      "right_rotation": [
        0.0,
        0.0,
        0.0
      ],
      "rotation": [
        20.000013,
        -45.00002,
        -0.0000018111276
      ],
      "scale": [
        0.15625,
        0.15625004,
        0.15625004
      ],
      "translation": [
        0.0,
        -2.0,
        0.0
      ]
    },
    "firstperson_righthand": {
      "right_rotation": [
        0.0,
        0.0,
        0.0
      ],
      "rotation": [
        20.000013,
        -45.00002,
        -0.0000018111276
      ],
      "scale": [
        0.15625,
        0.15625004,
        0.15625004
      ],
      "translation": [
        0.0,
        -2.0,
        0.0
      ]
    },
    "fixed": {
      "right_rotation": [
        0.0,
        0.0,
        0.0
      ],
      "rotation": [
        20.000013,
        -45.00002,
        -0.0000018111276
      ],
      "scale": [
        0.15625,
        0.15625004,
        0.15625004
      ],
      "translation": [
        0.0,
        -2.0,
        0.0
      ]
    },
    "ground": {
      "right_rotation": [
        0.0,
        0.0,
        0.0
      ],
      "rotation": [
        20.000013,
        -45.00002,
        -0.0000018111276
      ],
      "scale": [
        0.15625,
        0.15625004,
        0.15625004
      ],
      "translation": [
        0.0,
        -2.0,
        0.0
      ]
    },
    "gui": {
      "right_rotation": [
        0.0,
        0.0,
        0.0
      ],
      "rotation": [
        20.000013,
        -45.00002,
        -0.0000018111276
      ],
      "scale": [
        0.15625,
        0.15625004,
        0.15625004
      ],
      "translation": [
        0.0,
        -2.0,
        0.0
      ]
    },
    "head": {
      "right_rotation": [
        0.0,
        0.0,
        0.0
      ],
      "rotation": [
        20.000013,
        -45.00002,
        -0.0000018111276
      ],
      "scale": [
        0.15625,
        0.15625004,
        0.15625004
      ],
      "translation": [
        0.0,
        -2.0,
        0.0
      ]
    },
    "none": {
      "right_rotation": [
        0.0,
        0.0,
        0.0
      ],
      "rotation": [
        20.000013,
        -45.00002,
        -0.0000018111276
      ],
      "scale": [
        0.15625,
        0.15625004,
        0.15625004
      ],
      "translation": [
        0.0,
        -2.0,
        0.0
      ]
    },
    "thirdperson_lefthand": {
      "right_rotation": [
        0.0,
        0.0,
        0.0
      ],
      "rotation": [
        20.000013,
        -45.00002,
        -0.0000018111276
      ],
      "scale": [
        0.15625,
        0.15625004,
        0.15625004
      ],
      "translation": [
        0.0,
        -2.0,
        0.0
      ]
    },
    "thirdperson_righthand": {
      "right_rotation": [
        0.0,
        0.0,
        0.0
      ],
      "rotation": [
        20.000013,
        -45.00002,
        -0.0000018111276
      ],
      "scale": [
        0.15625,
        0.15625004,
        0.15625004
      ],
      "translation": [
        0.0,
        -2.0,
        0.0
      ]
    }
  }
}